{"cameraMode":{"drawMode":0,"name":"Shaded","section":"Shading Mode"},"sceneLighting":true,"audioPlay":false,"sceneViewState":{"m_AlwaysRefresh":false,"showFog":true,"showSkybox":true,"showFlares":true,"showImageEffects":true,"showParticleSystems":true,"showVisualEffectGraphs":true,"m_FxEnabled":true},"in2DMode":false,"pivot":{"x":1.0952577590942383,"y":2.223830223083496,"z":-0.21204090118408204},"rotation":{"x":0.044346973299980167,"y":-0.819798469543457,"z":0.06407362222671509,"w":0.5673700571060181},"size":11.827280044555664,"orthographic":true}