{"cameraMode":{"drawMode":0,"name":"Shaded","section":"Shading Mode"},"sceneLighting":true,"audioPlay":false,"sceneViewState":{"m_AlwaysRefresh":false,"showFog":true,"showSkybox":true,"showFlares":true,"showImageEffects":true,"showParticleSystems":true,"showVisualEffectGraphs":true,"m_FxEnabled":true},"in2DMode":false,"pivot":{"x":1.0952577590942383,"y":2.223830223083496,"z":-0.21204090118408204},"rotation":{"x":0.13064715266227723,"y":-0.7409455180168152,"z":0.15097512304782868,"w":0.6412419080734253},"size":12.219863891601563,"orthographic":true}