{"cameraMode":{"drawMode":0,"name":"Shaded","section":"Shading Mode"},"sceneLighting":true,"audioPlay":false,"sceneViewState":{"m_AlwaysRefresh":false,"showFog":true,"showSkybox":true,"showFlares":true,"showImageEffects":true,"showParticleSystems":true,"showVisualEffectGraphs":true,"m_FxEnabled":true},"in2DMode":false,"pivot":{"x":0.04103207588195801,"y":0.9418860673904419,"z":0.6246825456619263},"rotation":{"x":0.29056739807128909,"y":-0.4586654603481293,"z":0.16173437237739564,"w":0.8240464329719544},"size":4.23565673828125,"orthographic":true}